year,gdp_growth,unemp_change
1960,2.5745,0.0917
1961,2.5653,1.15
1962,6.1296,-1.125
1963,4.3573,0.075
1964,5.7628,-0.4833
1965,6.4985,-0.65
1966,6.5953,-0.7167
1967,2.7427,0.05
1968,4.9145,-0.2833
1969,3.1225,-0.0667
1970,0.1846,1.4917
1971,3.2927,0.9667
1972,5.2555,-0.35
1973,5.6457,-0.7417
1974,-0.5405,0.7833
1975,-0.2056,2.8333
1976,5.388,-0.775
1977,4.6242,-0.65
1978,5.5352,-0.9833
1979,3.166,-0.2167
1980,-0.2568,1.325
1981,2.5377,0.4417
1982,-1.803,2.0917
1983,4.5838,-0.1083
1984,7.2365,-2.0917
1985,4.1696,-0.3167
1986,3.4627,-0.1917
1987,3.4546,-0.825
1988,4.177,-0.6833
1989,3.6722,-0.2333
1990,1.886,0.3583
1991,-0.1083,1.2333
1992,3.5225,0.6417
1993,2.7518,-0.5833
1994,4.029,-0.8083
1995,2.6844,-0.5083
1996,3.7728,-0.1833
1997,4.4471,-0.4667
1998,4.4831,-0.4417
1999,4.7884,-0.2833
2000,4.0776,-0.25
2001,0.9555,0.775
2002,1.7004,1.0417
2003,2.7956,0.2083
2004,3.8478,-0.45
2005,3.4836,-0.4583
2006,2.7845,-0.475
2007,2.0039,0.0083
2008,0.1136,1.1833
2009,-2.5765,3.4833
2010,2.6952,0.325
2011,1.5644,-0.675
2012,2.2891,-0.8583
2013,2.1178,-0.7167
2014,2.5238,-1.2
2015,2.9455,-0.8833
2016,1.8195,-0.4
2017,2.4576,-0.5167
2018,2.9665,-0.4667
2019,2.5838,-0.2167
2020,-2.0814,4.425
2021,6.2683,-2.75
2022,2.4296,-1.7
2023,2.9186,-0.025
2024,2.9517,0.4
